Episode,Duration
skibidi toilet 39,0:41
skibidi toilet 40,0:35
skibidi toilet 41,0:55
skibidi toilet 42,0:32
skibidi toilet 43,0:32
skibidi toilet 44,1:05
skibidi toilet 45,0:42
skibidi toilet 46,0:46
skibidi toilet 47,1:09
skibidi toilet 48,0:34
skibidi toilet 49,1:16
skibidi toilet 50,1:28
skibidi toilet 51,1:02
skibidi toilet 52,0:56
skibidi toilet 53,0:51
skibidi toilet 54,1:04
skibidi toilet 55,1:11
Skibidi toilet 56,0:59
skibidi toilet 57,2:43
(part 1),1:07
(part 2),1:56
skibidi toilet 58,1:07
skibidi toilet 59,1:08
skibidi toilet 60,1:14
skibidi toilet 61,1:04
skibidi toilet 62,1:07
skibidi toilet 63,1:55
skibidi toilet 64,1:16
skibidi toilet 65,2:22
skibidi toilet 66,3:05
skibidi toilet 67,5:46
skibidi toilet 67 (part 1),1:50
skibidi toilet 67 (part 2),1:22
skibidi toilet 67 (part 3),2:08
skibidi toilet 67 (part 4),1:43
skibidi toilet 68,4:23
skibidi toilet 68 (part 1),1:58
skibidi toilet 68 (part 2),2:39
skibidi toilet 69:,4:16
skibidi toilet 69 (part 1),2:40
skibidi toilet 69 (part 2),1:16
skibidi toilet 70,13:39
skibidi toilet 70 (part 1),4:27
skibidi toilet 70 (part 2),3:55
skibidi toilet 70 (part 3),6:03
skibidi toilet 71,2:22
skibidi toilet 72,7:28
skibidi toilet 72 (part 1),3:05
skibidi toilet 72 (part 2),4:29
skibidi toilet 73,9:41
skibidi toilet 73 (Part 1),4:45
skibidi toilet 73 (Part 2),4:15
skibidi toilet 76,8:11
skibidi toilet 76 (Part 1),3:09
skibidi toilet 76 (Part 2),4:28
skibidi toilet 77 (Part 1),3:50
skibidi toilet 77 (Part 2):,3:15
skibidi toilet 77 (Part 3),4:51
skibidi toilet 77 (Part 4),5:19
