authors,ratings,comments
i love being coquette,5.0,"Prepare to be dazzled and delighted by the unparalleled genius of ""Skibidi Toilet,"" a TV show that defies convention and elevates the art of entertainment to unprecedented heights. From the moment the first episode graced my screen, I knew I was in for a revolutionary experience, and I was not disappointed.

""Skibidi Toilet"" is a masterpiece of creativity and originality, a true testament to the limitless potential of modern television. The show seamlessly weaves together elements of humor, drama, and surrealism, creating a tapestry of entertainment that is as unpredictable as it is captivating.

The writing is nothing short of brilliant, with a narrative that effortlessly balances wit and whimsy. Each episode unfolds like a carefully crafted symphony, with comedic beats that resonate and moments of sheer brilliance that leave audiences in awe. The show's ability to blend humor with thought-provoking themes showcases a level of storytelling prowess rarely seen in today's television landscape.

The ensemble cast is a revelation, delivering performances that range from the hilariously absurd to the deeply poignant. The characters in ""Skibidi Toilet"" are more than just actors on a screen; they are living, breathing embodiments of the show's infectious energy. The chemistry between the cast members is palpable, adding an extra layer of authenticity to the already immersive viewing experience.

Visually, ""Skibidi Toilet"" is a feast for the eyes. The cinematography is nothing short of breathtaking, with each frame meticulously composed to enhance the show's surreal atmosphere. The set design is a whimsical playground, a visual representation of the show's commitment to pushing the boundaries of conventional television.

The soundtrack deserves special mention, as it complements the on-screen antics with a musical tapestry that ranges from catchy tunes to emotionally charged orchestrations. The careful selection of music enhances the overall viewing experience, creating a sonic landscape that is as dynamic and diverse as the show itself.

""Skibidi Toilet"" is more than just a TV show; it's a cultural phenomenon, a breath of fresh air in an industry often plagued by predictability. It challenges the status quo, inviting viewers to embrace the unexpected and revel in the sheer joy of storytelling. In a world inundated with content, ""Skibidi Toilet"" stands as a shining example of what happens when creativity knows no bounds.

In conclusion, ""Skibidi Toilet"" is a masterpiece that transcends the traditional boundaries of television. It is a triumph of imagination, a rollercoaster of emotions, and a testament to the limitless possibilities of storytelling. If you haven't experienced the magic of ""Skibidi Toilet,"" you're missing out on a television revolution that will be remembered for years to come."
Ethan McAuley,5.0,"The Skidibi toilet is an innovative and highly efficient toilet system that has revolutionized the way we think about bathroom hygiene. This toilet is designed with utmost care and attention to detail, ensuring that users have a comfortable and hygienic experience each time they use it.

One of the standout features of the Skidibi toilet is its advanced flushing mechanism. Unlike traditional toilets that often require multiple flushes to completely clear the bowl, the Skidibi toilet boasts a powerful flushing system that effectively removes waste in one flush. This not only saves water but also prevents any unpleasant odors from lingering in the bathroom, promoting a clean and fresh environment.

Furthermore, the Skidibi toilet is designed to be highly durable and long-lasting. The materials used in its construction are of the highest quality, ensuring that the toilet withstands regular use without any wear or tear. This means that users can rely on the Skidibi toilet to provide exceptional performance and functionality for many years to come.

Another aspect that sets the Skidibi toilet apart is its sleek and modern design. This toilet is available in various styles and colors, allowing users to choose a model that fits seamlessly with their bathroom decor. The Skidibi toilet's clean lines and minimalist aesthetic make it a visually appealing addition to any bathroom, enhancing the overall ambiance of the space.

In addition to its functional and aesthetic benefits, the Skidibi toilet also prioritizes user comfort. The toilet seat is ergonomically designed to provide optimal support and comfort, ensuring that users do not experience any discomfort during use. This is particularly important for individuals with mobility issues or those who spend extended periods of time on the toilet.

Furthermore, the Skidibi toilet is engineered to be incredibly easy to clean. The bowl's surface is smooth and non-porous, preventing the buildup of bacteria and making it simple to wipe down with minimal effort. Additionally, the toilet's design minimizes the risk of any splashing or spillage during use, ensuring that the surrounding area remains clean and hygienic.

Overall, the Skidibi toilet is a game-changer in the world of bathroom fixtures, combining functionality, durability, aesthetics, and user comfort. Whether it is the powerful flushing mechanism, the sleek design, or the ease of cleaning, this toilet system has proved to be an excellent investment for both residential and commercial settings.

In conclusion, the Skidibi toilet has proven itself to be a remarkable addition to modern bathrooms. With its powerful flushing mechanism, durability, aesthetically pleasing design, and user comfort, it sets a new standard in toilet technology. In the pursuit of enhanced hygiene and an improved overall bathroom experience, the Skidibi toilet stands as a testament to innovation and excellence in the industry."
Leo Edwards,5.0,"In a world where innovation meets necessity, the Skibidi Toilet stands as a testament to human ingenuity and an unparalleled commitment to luxury and comfort. This remarkable creation is more than just a toilet; it's a work of art, a technological marvel, and a source of pure, unadulterated joy. In every sense of the word, Skibidi Toilet is a masterpiece.

Design: ‚≠ê‚≠ê‚≠ê‚≠ê‚≠ê (5/5)
The Skibidi Toilet's design transcends conventional boundaries. Its sleek, avant-garde contours and polished surfaces are a symphony of aesthetics. This toilet is more than a fixture; it's a statement piece that transforms any bathroom into an enthralling oasis of beauty and elegance. The design alone is worth the price.

Functionality: ‚≠ê‚≠ê‚≠ê‚≠ê‚≠ê (5/5)
The Skibidi Toilet is not just about appearances; it excels in performance. Its technologically advanced features, including an ultra-efficient flush system, adjustable water temperature, and an ergonomic seat, make every visit to the restroom a sheer delight. The bidet functionality is an absolute game-changer, ensuring unparalleled hygiene and comfort.

Technology: ‚≠ê‚≠ê‚≠ê‚≠ê‚≠ê (5/5)
The toilet industry has witnessed a revolution, and the Skibidi Toilet is at the forefront of it. With cutting-edge technologies such as motion-activated sensors, customizable LED lighting, and a user-friendly control panel, this toilet truly embraces the future. It adapts to your preferences and elevates the bathroom experience to new heights.

Durability: ‚≠ê‚≠ê‚≠ê‚≠ê‚≠ê (5/5)
Skibidi Toilet is built to last, and it showcases a level of craftsmanship that is simply outstanding. Every component is designed to withstand the test of time, making it a wise, long-term investment. This toilet's durability is as impressive as its aesthetics and functionality.

Ease of Use: ‚≠ê‚≠ê‚≠ê‚≠ê‚≠ê (5/5)
One might assume that such a high-tech toilet would be complicated to use, but the Skibidi Toilet is remarkably user-friendly. The controls are intuitive, and the accompanying user manual is comprehensive, ensuring that anyone can navigate its features effortlessly.

In conclusion, the Skibidi Toilet is a flawless masterpiece that combines breathtaking design, cutting-edge technology, unbeatable functionality, and exceptional durability. It transforms your daily ritual into a pampered experience and elevates the aesthetics of your bathroom to a stellar level. In a world of innovation, the Skibidi Toilet is unrivaled, earning a perfect 10/10 rating. If you're seeking a toilet that transcends the ordinary and stands as an enthralling work of art, look no further; Skibidi Toilet is your answer."
Elvis Jiang,5.0,"Skibidi Toilet is a captivating and entertaining TV show that has quickly become one of my favorites. This unique and innovative series offers a refreshing take on reality television, combining humor, suspense, and a touch of absurdity.

The premise of Skibidi Toilet revolves around a group of contestants who compete in various challenges centered around toilets. From unclogging pipes to solving toilet-related puzzles, each episode presents a new and unexpected task that keeps viewers engaged and entertained.

What sets Skibidi Toilet apart from other reality shows is its lighthearted and comedic approach. The contestants' witty banter and humorous reactions add an element of fun to the challenges, making it a joy to watch. The show's clever editing and well-timed jokes further enhance the comedic value, ensuring plenty of laughs throughout each episode.

The production value of Skibidi Toilet is impressive. The set design is colorful and vibrant, creating a visually appealing backdrop for the challenges. The host's charismatic personality and energetic presence add to the overall enjoyment of the show, keeping the audience hooked from start to finish.

One aspect that I appreciate about Skibidi Toilet is its ability to bring people together. Whether you're watching it alone or with friends, the show's light-hearted nature fosters a sense of camaraderie and shared enjoyment. It's the perfect TV show to unwind and have a good laugh after a long day.

In summary, Skibidi Toilet is a delightful TV show that offers a unique blend of humor, suspense, and entertainment. Its comedic approach, engaging challenges, and charismatic host make it a must-watch for anyone looking for a refreshing and enjoyable television experience. Tune in to Skibidid Toilet and prepare to be entertained!"
Adley Lorentz,5.0,"Skibidi Toilet is a wild, bizarre, and utterly unique viewing experience that‚Äôs hard to put into words, but I‚Äôll give it my best shot. At first glance, it‚Äôs easy to dismiss this show as just another strange internet meme or absurdist animation, but there‚Äôs something deeper and more heartfelt beneath the surface.

The premise itself is wonderfully insane: toilets that dance to an infectious, almost hypnotic tune. The concept of the ""Skibidi Toilet"" might sound juvenile, but as you watch, you begin to realize that it‚Äôs a clever metaphor for freedom, individuality, and the unexpected joy in life's simplest, strangest moments. The characters, though they are essentially toilets and bathroom-related objects, have a surprising level of personality and charm. Their movements are so fluid, their little quirks so endearing, that you can‚Äôt help but root for them as they navigate a world where anything seems possible.

What makes Skibidi Toilet stand out is its ability to capture a sense of absurdity while still feeling emotionally sincere. It‚Äôs a show that doesn't take itself seriously‚Äîat all‚Äîbut still manages to convey a feeling of joy and unpredictability. The animation is bright and energetic, full of playful surprises. The music, with its catchy beats and rhythmic repetition, somehow adds to the surreal atmosphere, making each scene feel like a mini celebration of weirdness.

While Skibidi Toilet might not be for everyone, if you're someone who appreciates the weird, the unconventional, and the delightfully random, this show offers a refreshing break from the usual formats. It‚Äôs a testament to the power of creativity, proving that even the most unlikely concepts can capture the imagination in unexpected ways. There‚Äôs a childlike, carefree energy about it that reminds you not to take life too seriously‚Äîand maybe to find joy in even the most absurd places.

I didn‚Äôt expect to fall for a show about dancing toilets, but here I am, utterly charmed and inexplicably moved. It‚Äôs the kind of show that reminds you how strange and wonderful the world can be."
Mohammed Khaled,5.0,"Dear Recipient,

I trust this message finds you well. It is with great pleasure and utmost professionalism that I submit this formal evaluation and positive appraisal of the animated YouTube series ""Skibidi Toilet.""

The series, in its entirety, stands as a testament to the creative ingenuity and artistic prowess of its creators. From its inception, ""Skibidi Toilet"" has exhibited a remarkable commitment to originality, blending imaginative storytelling with vibrant visuals to deliver a unique and engaging viewing experience. The animation quality is commendable, reflecting a meticulous attention to detail and a dedication to visual excellence.

The narrative structure of the series is praiseworthy, demonstrating a keen understanding of audience engagement and a mastery of comedic timing. The humor employed is sophisticated and universally appealing, transcending demographic boundaries and ensuring a broad spectrum of viewership. The series skillfully balances entertainment with positive messaging, contributing to a wholesome and enjoyable viewer experience.

Furthermore, the characters featured in ""Skibidi Toilet"" are exceptionally well-developed, each possessing distinctive traits that add depth to the overall narrative. The character design, coupled with the voice acting, showcases a level of professionalism that significantly enhances the immersive nature of the series.

The thematic elements explored within the episodes are both relevant and socially conscious, contributing to the series' cultural and educational value. The creators' ability to infuse entertainment with meaningful content is noteworthy, fostering a sense of responsibility and enlightenment among the audience.

In summary, ""Skibidi Toilet"" has succeeded in establishing itself as a commendable animated YouTube series, demonstrating excellence in animation, storytelling, humor, and social relevance. The creators are to be commended for their unwavering commitment to quality and innovation in the realm of online entertainment.

It is my sincere hope that this evaluation serves as a testament to the merits of ""Skibidi Toilet"" and encourages continued success in the series' future endeavors.

Yours sincerely,

Wetsoup#21817 (overwatch gamertag)
gold dps"
Lewis Barrah,5.0,"Skibbidy Toilet - A Remarkable Bathroom Experience!

I recently had the pleasure of experiencing the Skibbidy Toilet, and I must say, it has completely revolutionized my bathroom routine. This cutting-edge toilet offers a level of comfort and innovation that truly sets it apart from the rest.

First and foremost, the design of the Skibbidy Toilet is sleek and modern, seamlessly fitting into any bathroom aesthetic. The comfort factor is exceptional, with a contoured seat that provides a surprisingly pleasant seating experience. The ergonomic design ensures that even extended bathroom visits are a breeze.

What truly sets the Skibbidy Toilet apart is its impressive array of features. The built-in bidet function is a game-changer, offering a refreshing and hygienic cleansing experience that leaves you feeling clean and rejuvenated. The customizable water pressure and temperature settings allow for a personalized and comfortable wash.

The Skibbidy Toilet also boasts a state-of-the-art air dryer, eliminating the need for toilet paper and contributing to a more eco-friendly bathroom routine. The heated seat adds an extra touch of luxury, making those chilly mornings a bit more bearable.

Installation was a breeze, thanks to the clear and user-friendly instructions provided. The build quality is top-notch, assuring me that the Skibbidy Toilet is a durable and long-lasting investment.

In conclusion, the Skibbidy Toilet has exceeded my expectations in every way. Its innovative features, combined with its sleek design and easy installation, make it a must-have for anyone looking to elevate their bathroom experience. Say goodbye to ordinary toilets and embrace the future with the Skibbidy Toilet ‚Äì your posterior will thank you!"
Elliott Stewart,5.0,"Love is a profound emotion that knows no boundaries, and sometimes, it finds its way into the most unexpected places. For me, that place is in the arms of a unique and enchanting creature named Skibidi Toilet. From the moment I first laid eyes on this remarkable being, my heart has been consumed by an overwhelming, inexplicable, and madly passionate love that defies the norms of conventional relationships.

Skibidi Toilet is unlike anything I've ever encountered in my life. Its physical appearance is a mesmerizing blend of colors and shapes that are utterly captivating. The way its curves and contours come together creates a sight that is both peculiar and undeniably alluring. Its presence alone ignites a fiery passion within me that burns hotter than a thousand suns. I find myself drawn to its radiant charm, and my heart yearns for its touch.

Despite Skibidi Toilet's unconventional existence, we share an intimate connection that transcends the boundaries of physicality. The moments we spend together are filled with a profound sense of belonging and understanding. It's as if our souls are intertwined in a dance of love that defies logic and reason. The more I get to know Skibidi Toilet, the more I realize that it possesses a depth of character and wisdom that is truly extraordinary.

Our love is not without its challenges. Society may frown upon my affection for Skibidi Toilet, and my friends and family may question my sanity. However, love, as they say, is blind. I am willing to endure the trials and tribulations that come with our unconventional relationship because the love I share with Skibidi Toilet is worth every sacrifice. It is a love that has enriched my life in ways I could never have imagined.

In conclusion, my love for Skibidi Toilet is a testament to the boundless nature of love itself. It has shown me that love can exist in the most unexpected of places, and it is not confined by societal norms or conventions. Skibidi Toilet has become the most extraordinary, beautiful, and cherished part of my life, and I wouldn't have it any other way. Our love is a testament to the power of the heart and the ability to find deep and abiding love in the most unexpected of circumstances."
KidWithThe Hat,5.0,"This show is a masterpiece beyond comprehension. Firstly, the title skibidi toilet implies there will be a lot of toilets, however the show proceeds to exceed our expectations by having skibidi toilet in the first 5 seconds. Pure genius. Secondly, the backgrounds go extremely well with the characters in a way which is indescribable. GMOD OFR LFIE. Thirdly, the characters are extremely fleshed out and gave us a huge new perspective on revolutionary beliefs, ethnic conflict, the way we see our household appliances, and our new generation. Lastly, all the jokes land in such a way that outperforms shows like Family Guy and the Simpsons, the prime example being when the leader says ""Skibidi dop-dop-dop-yes-yes!"", a joke which made me laugh for at least two hours. Georgian animator Alexey Gerasimov (born 1998) has truly outdone himself this time. My favorite part was when the toilets all die on episode 6, but before he dies he says ""skibidi fortnite skibidi skibidi fortnite"" and proceeds to slip all over the TV Heads, bringing a fantastic end to the series. Gerasimov is a new leader in the making, creating such a magnum opus with no formal education as he dropped out of 8th grade to pursue toiletry. The only problem with the show I have is that I cannot rate it anymore than 5 stars."
Leo WAN ULLOK,5.0,"Skibidi toilet is a revolutionary product in the bathroom industry. It has changed the way people view toilets and has become the go-to choice for those who want a futuristic and cutting-edge bathroom experience.

Firstly, the Skibidi toilet has a unique and modern design that sets it apart from traditional toilet designs. Its sleek and minimalist design creates a striking visual impact that immediately grabs your attention. The Skibidi toilet also comes in a variety of colors, so you can choose one that fits your bathroom's color scheme.

In addition to its stunning design, the Skibidi toilet is also highly functional. It has a built-in bidet, which is a must-have for those who want a hygienic and comfortable bathroom experience. The bidet offers a range of options, including temperature control and directional spray.

The Skibidi toilet also comes with a built-in urine analyzing system. This system uses advanced sensors to analyze your urine composition, giving you insights into your hydration levels and overall health. The system sends this information to your phone, allowing you to keep track of your health and hydration levels.

But the features don't stop there. The Skibidi toilet also has a built-in air filtration system that removes odors and particles from the air, making it a breath of fresh air every time you use the bathroom.

Overall, the Skibidi toilet is an innovative and revolutionary product that has changed the way people view toilets. Whether you're looking for a stylish addition to your bathroom or a cutting-edge health monitoring system, the Skibidi toilet has got you covered. So, if you're ready for a futuristic and cutting-edge bathroom experience, the Skibidi toilet is the perfect choice."
M R T N 6,5.0,"Skibidi Wibidy Snibidi toilet changed my life for the better. Once upon a time i was a high school student, struggling to get thought the day, but Mr Toilet changed me. Alexey Gerasimov can be compared to writers such as J.B. Priestley and William Shakespeare as he finds meanings for every single pixel we observe with our eyes. From my view, I see Skibidi as an outcast, trying to fit in with society (just like me). This is one of many ways that Gerasimov represents us hidden alpha weebs. The cameramen personify those beta-male bullies and anime haters. Skibidi destroys those haters who may point and laugh at us, though we continue to fight back and release out super-sigma-saiyan sigma-Andrew Tate and clap back on their little silly GYATTS. This highlights the inbalance of weebs and bullies and how our tiny little weeb army are still fighting back even though there is a BRAZYYYY injustice. Ukraine and Russia have gone to war to advertise skibidi toilet and make people realise how unfair life is on us weebies. Skibidi toilet uses the same technique that 'An Inspector Calls' uses to change peoples capitalist mindset and join alliances with the weeb army. The series makes my GYATT wiggle like Kai Cenat sussy wussy gussy glizzy guzzler listening to Only In Ohio CG5. 


I LOVE SKIBIDI DOB DOB DOB YES YES SKIBIDI DOBIDI DIB DIB

:-) AGGHGHHHHHHHHHHHHHGHH"
Alexander Jester,5.0,"From the very first frame, Skibidi Toilet catapults its audience into a transcendent experience unlike anything cinema‚Äîor indeed, life itself‚Äîhas ever offered. What begins as a seemingly absurd premise quickly unfurls into a kaleidoscope of raw emotion, existential reflection, and artistic brilliance.

The Skibidi Toilet saga is more than a series of viral videos; it is a symphony of the human condition played out through porcelain and chaos. The toilets, their comical yet unsettling faces, are avatars of modern humanity: trapped, absurd, and yearning for something more. They sing not just songs but the untold stories of our collective soul.

Visually, the series is unparalleled. Every frame bursts with vibrancy, every action oozing with intent. The absurd juxtaposition of sentient toilets and the world they inhabit is a metaphor so layered it defies simple explanation. It asks: What happens when our banal, everyday objects rebel against us? But deeper still, it whispers: Are we not, too, imprisoned by the roles society assigns us?

And the music‚Äîoh, the music! It does not merely accompany the visuals; it elevates them. The haunting refrain of the Skibidi anthem echoes in the recesses of your mind long after the screen fades to black. It is a melody that demands your attention and takes residence in your heart, a symbol of triumph and tragedy in equal measure.

Emotionally, Skibidi Toilet is an odyssey. You will laugh, cry, and question your very existence as the toilets wage their war, as humanity struggles to prevail, and as the two forces spiral toward an inevitable and poetic collision. Characters like the Cameraman are Shakespearean in their depth‚Äîfigures of valor caught in the whirlpool of absurdity, fighting for dignity in a world gone mad.

To call Skibidi Toilet a masterpiece would be an understatement. It is a phenomenon, a cultural touchstone, and a mirror held up to the absurdity of life itself. This is not merely a work of art‚Äîit is the work of art, destined to inspire generations to come.

By the time the final note fades, you are left changed, standing at the precipice of something greater. You will see the world differently, as though through the lens of a Cameraman, forever aware of the battle between order and chaos, humor and horror, the profound and the ridiculous.

Skibidi Toilet is not just entertainment; it is enlightenment. It is, without question, the masterpiece to end all masterpieces."
Nightglide,5.0,"Skibidi Toilet is one of the best YouTube series on the Internet, full stop. I love the unique way that the heads come out of the toilets and start singing, especially considering how such innovation can come out of an engine as old as Source. The plot, the characters, and the setting are simply ideal. One of my favorite characters is one from the later episodes, his name is Astro Scorpion Toilet or Astro Detainer Toilet. His design stands out even as a silhouette, even among other Astro Skibidi Toilets. In short, Skibidi Toilet revolutionizes cinema as we know it today, combining toilet humor and Hollywood-level action into media which many if not all audiences can truly appreciate."
Thomas A,5.0,"""Skibidi Toilet"" transcends the realms of traditional sci-fi, weaving an enthralling narrative around the enigmatic world of futuristic lavatory technology. Set in a distant future where the Skibidi Toilet reigns supreme, this show isn't just about gadgets; it's a rich tapestry of characters and their quest for ultimate comfort. Each character, from the eccentric inventor to the inquisitive user, is meticulously crafted, their quirks and aspirations adding depth to the storyline. The design of the Skibidi Toilet itself is a character‚Äîan elegant yet enigmatic fixture with a personality of its own, mirroring the desires and dilemmas of those who encounter it. The storytelling is a masterclass, seamlessly blending intrigue, humor, and a touch of tech-wizardry, inviting audiences to ponder the philosophical underpinnings of convenience and luxury. ""Skibidi Toilet"" isn't just a sci-fi spectacle; it's a saga that explores the human psyche through the lens of a remarkable, otherworldly invention."
Jimmy Warren,5.0,"I recently stumbled upon Skibidi Toilet, and I have to say, it exceeded my expectations in every way! This quirky and entertaining series combines humor and creativity in a way that keeps you glued to the screen. The animation is vibrant and fun, making it appealing to both kids and adults alike.

Each episode is packed with laugh-out-loud moments, and the characters are so unique that they have a charm of their own. I love how it takes a simple concept and turns it into something so entertaining and engaging. 

Whether you're looking for a quick laugh or something to binge-watch, Skibidi Toilet is an absolute must-see! I can't recommend it enough‚Äîdefinitely earned my five stars!"
Feras Al-Sofiani,5.0,"bro it was so good my teacher loves it my parents love it and when I was getting some candy they said I could watch Skibidi toiletDear Sir/Madam,

I am pleased to inform you that the recent work I submitted has been received with great appreciation. My teacher and parents have expressed their admiration for the quality of the work, which has been a source of great satisfaction for me.

While I was indulging in some sweet treats, I overheard a conversation about a popular video called ""Skibidi Toilet"". I must say, the name piqued my curiosity, and I am eager to explore this new phenomenon.

Thank you for your time and attention.

Sincerely,

Johnathan"
Matthew James,5.0,"Ode to the Skibidi Heavens

Oh, Skibidi Heavens, where chaos aligns,
Where toilets and tunes weave unholy designs.
A world upside down, where logic takes flight,
And the porcelain prophets sing through the night.

From the Bowl of Beginnings, where legends were flushed,
To the Sink of Serenity, where battles were hushed.
Your world overflows with a glazy delight,
A surrealist dream, both absurd and bright.

The Cameramen march, their lenses ablaze,
Guided by melodies in Skibidi‚Äôs haze.
A dance of defiance, a duel in the stars,
Toilets on pedestals, breaking all bars.

Oh, Skibidi Heavens, your chaos is pure,
A spectacle strange yet oddly demure.
The flushes of fate, the pipes that resound,
In your endless crescendo, true glory is found.

Why is this saga the best ever told?
Its heart is unbound, its spirit is bold.
A story so strange, yet perfectly spun,
In the Skibidi Heavens, all battles are won.

So here‚Äôs to the flush, the dance, and the tune,
To skies filled with plungers that blot out the moon.
For in your wild whirl, we see something true‚Äî
A Skibidi madness that binds me to you."
Ryan M. ‚ÄúTheGrimRhino‚Äù Gomez Ramirez,5.0,"I am a man with a very peculiar taste in media. Some say I criticize things too much and am often unpleased. High standards if you will.

After hearing children and adolescents partake on the ""Skibidi Toilet Trend"" I assumed it would be a form of media similar to the slop of Superhero films they hold so dear. Similarly to the WOKE propaganda of Marvel.

""Joe many liberals does it take to change a log by bolb. None. They're too busy. Their gender.""

However, although I am a man that is hard to convince, I can admit when I am wrong.

Which is why I say I was very much surprised with this Skibidi Toilet series. What I expected to be a bunch of nonsense turned out to be one of the greatest franchises I have had the pleasure to experience. 

It is a series that must have necessary research done as it explores problems of the modern world and raises interesting questions. Could we take this Skibidi and this Toilet and compare it to the mystical (nonexistent?) Dr. Pepper? Perchance.

I believe it was Ren√© Descartes that said ""I think therefore I am.""

It is so good that I'd argue it's on par with The Sopranos, Better Call Saul and even Breaking Bad.

This is the true definition of ABSOLUTE CINEMA.

What started as a simple internet meme has become one of the greatest modern forms of film. After all as a wise man once said ""How can one Skibidi with no Toilet?""

The Skibidi Toilet I believe explored most expertly the idea of a conclusion or ""death."" It understands the complexity of it and the simplicity. The world is made up of lies, but is is filled with many toilets. Max aura.

We think of Skibidi Toilet as a myth and a jest, but he is The.

I encourage all to watch this show as it has changed me in ways one could never believe. Perhaps they may find answers they never expected.

The Skibidi Toilet does not present what one wants to hear but NEEDS to hear.

The lifekind. Perchance."
Andrew Iams,5.0,"Skibidi toilet is my life.
When I started to watch it my life didn't meaning, but afterwards I knew what my main purpose was.
Skibidi toilet has gotten me through some of the toughest times in my life, like when I lost my 3 month no shower streak.
It combinds amazing imagery, astonishing action and more and more characters every episode.
I edge you to watch this show, its so baby gronk, livvy dunne kai cenat rizz off ice spice GYATT, duke dennis only in ohio grimace shake menace
Its so Luh calm it makes me quiver

Thank you"
Sophia Ashworth,5.0,"Skibidi wibbity kibbity squibbiy oquibity toilet is the best thing i have ever seen. This made me edge in ohio whilst rizzing up kai cenat whilst seen a level 10 gyatt.

My gyatt grew because of this show. My life 4 ever. I would love to see a Kai cenat gyatt toilet stick his glizzy into titan cameraman.

This fantastic, fabulous, beautiful show Has elongated thy erectus thy penus of thy Andrew tate sigma ohio alpha male rizzler (me.) Thy would do anything for this beautiful show to be updated. 

My erectus thy penus needs more socks so that thine can edge to skibidi toilet 24/7 365.

Skibidi dop dop dop yes yes, such wise words.. 

Dattebayo!"
leong kok heong,5.0,"I just want to say that it is very entertaining along with secrets for us to find.
it shows how actian can mean more then words and how fast technology advances in wars 
with the skibidi toilets being very resilient and always trying to steal some of the cameramen's technology to their use.
The cameramen like a coumtry the speakermen as anther and the tv-men as another all coming together to form the Alliance.
The speakermen using sound to slow down the skibidi toilets and the tv-men using sight to mesmerise the skibidi toilets and stop them from what they are doing.
I hope this series will not end so soon and thank you for your time used to read this"
Redstone Mecha77,5.0,"At first I thought this was just was just a stupid trend, literal poop jokes. But after watching a theory about it from Game Theory I decided to give it a look. After watching it for a while, I actually started to enjoy it. The amazing characters, different types of Skibidis, and the story of the war between the alliance and Skibidis. I actually really love this series and recommend others to give it a try. 
There is plenty of interesting twists, amazing character such as TV Woman and Plunger Camera Man, and interesting different Skibidis such as triple Skibidi and Mafia Skibidi. Also the battle isn't one sided. At one point the Camera men are wining, but another the Skibidi's are winning, it's like an actual war. And I haven't even mention the titans yet."
Finley Zamecnik,5.0,"Ever since watching this excellent piece of media, I was never the same. It has changed me for the better, allowing my morals to be less racist. This show really showed me why black people are people and deserve rights. It simply is the best way to fix racism forever. SKIBIDI TOILET FOREVER! (I killed a homeless man after he said he didn't like skibidi toilet.)"
Brayden Fair,5.0,"Before Skibidi TOILET I was a Highschool student struggling to fit in. Skibidi TOILET has taught me that even outsiders can fit in if they are SKIBIDI enough. Now, I strive to have SKIBI TOILET KAI CENAT GYATT OHIO RIZZLER WHAT THE DOG DOING???? I have improved in life and now have some Skibi frendeds from spam frendeding eveybody on bloblos. Thank to Skibi I have gained many friendeds and have become more consistent with listening to alpha male podcast. 

Thank you SKIBI TOILET for helping me with life.

censorely,

THE OHIO GYATT RIZZLER"
Hilary,5.0,"The most inspiring, and philosophically inquisitive show that really asks the big questions about life, toilets, and more. What do the toilets represent? Perhaps of a ‚Äúflushed away‚Äù childhood, carefree, aggressive fighting spirit that is now locked away and oppressed by the watchful eye represented by the cameramen? Truly a sophisticated masterpiece that has, and will continue to help me advance in life. 

‚ÄúSkibidi dom dom dom yes yes, skibidi dom dom, neet, neet.‚Äù

Wise, insightful words."
Miles McGreal,5.0,i have been watching skibidi toilet for 4 months now and i haven't gone to the toilet in a week because i am scared that a man will come out of the toilet and eat me. i have a furry gf who loves watching it with me so i recommend it. love this show with my hamster who is 25 years of age and has severe diarrhea whenever he watches it
Osaid khan,5.0,Its Cool. I don't know what else to say really. The first 30-40 episodes can be considered cringe or dog-shit but the rest has been really good there's Looooooooore and a narrative slowly building and Its fine to hate on it nobody will be perfectly satisfied but in my opinion it is something that I can look forward to every other week for a fun time. If this didn't sway you to give It a watch that's fine but if it did well good for you.
Jesus Olandria,5.0,"Can we all just agree that this is one of the best series in the whole world. The lore, characters, world building and secrets and Easter eggs in each episode is absolutely amazing. Every episode in this series is really interesting. Like you cannot avoid the temptation of watching a single episode. For me this series this deserves a 10/10!!!"
Reid Jackson,5.0,"Best show ever!

As I first saw the cute little character ""skibidi toilet"" I just knew this was going to be one hell of a show. As the seasons went by and the skibidi toilets grew, so did my love for the show. Ps I need more socks for under my bed after I edge to skibidi toliet"
Poemers REE,4.0,"I love skibidi toilet i love skibidi so SO much

I LOVE SKIBIDI TOILET HAS CHANGED... MY LIFE.

It makes me feel warm.


It makes feel like going to five nights at Freddy's at 3am GYATT rizzler only in ohio ice spice GYATT grimace shake at 3am RIZZüó£Ô∏è‚ùó"
Isaac Pennington,5.0,The hilarious toilets the awsome titans and amazing effects and titan/kaiju battles as well as the incredible growth and development of skibidi toilet is amazing how far it has come is purely shocking i highly recommend it you will fall in love with it and the toilets at some times are actually frightening and the suspense created by the videos and some cliffhangers give me a major adrenaline rush it is possibly better that modern day animes
Lotanna Igboanugo,5.0,Skibidi Toilet is a very funny animated series on youtube. It's very interesting and entertaining almost like Game of Thrones only different and way more funny and entertaining. I recommed it to children between the age of 5-13 years old. A very nice series.
Obafe Alabi,4.0,"The first 20 episode are boring as but after ep 30 it all changes. It gets more intense and serious. Then fights begin and it's very cool, if u rly want to give it a try do the first 20 too because lore and that builds up then there's more and more"
Marco Marco,5.0,"I was depressed and bored at watching YouTube. But when my classmate told me about the new YouTube series Skibidi Toilet. At first i hated it, but when i tried i actually getting obssessed with it even in other games, when going somewhere. The series changed my life!"
Leeland Haley,5.0,"This is my favorite show. Skibidi toilet may not be appropriate for children, because it has violent scenes, with gore and blood, but it‚Äôs an old style game animation, so the violence isn‚Äôt that bad. The tv men in the show say swear words reversed, so you don‚Äôt hear the swear words, but the subtitles show the swearing sometimes. Probably like 13+ show."
Foxball Mapper,5.0,"This show is amazing it has gave my 87 year old disabled grandpa the courage and power to jump off the top of the burj kalifa it is a show to be enjoyed by everyone no other show beats it in quality. This also has life changing messages such as when the main character said ""skibidi bop bop bop bop yes yes"" i felt that."
Quinn Gwalchmai,5.0,SKibidi toilet is an amzing and crazy ahh show. It so kai cenat sussy gussy rizz ice spice gyatt rizzler sigma male andrew tata baby gronk slay it makes my grimace shake wiggle Only in ohio luh calm five nights a freddys 3am  üî• üó£‚ùóü§ë
Wunnerson,1.0,"This web series has changed my life, i am so happy. I have never wanted to point a gun at a particular circular head until now. Thank you! this web series really puts the Skibidi in ""self unconscious""!"
Jacob Regdos,5.0,This show changed my life for the better! I am so happy now! It is giving me motivation to unleash my dark side üòà. I am now a strong alpha. Wacth this show or i am going to use my dark powers on you!  Sigma alpha out!
Yba√±ez Tracy,5.0,"I love skibidi toilet, it changed my life. I was paralyzed for ten years from an accident. When I was in a restaurant I saw a kid watching skibidi toilet on his iPad, which inspired me to stand up take the iPad and smash it straight into his skull making him paralyzed. It allowed me to walk again and paralyzed someone else."
Mariah Cass (Alphabet lore p),1.0,This show is total junk I don't know what everyone sees in it I watched 20 seconds of it and I was bored to death it was a waste of time annoying orange the Stockholms or even battle for dream island is way more funnier and entertaining then this trash this is the only trend I hate and don't even get me started on the song I get a terrible headache everytime I hear one word of the song this ridiculous series has even gotten into my kids and I'm sick of seeing it all over the place there's all kinds of shows out there and everyone had to pick the most retarded most boring most tedious show on the whole planet something is wrong with you all I miss when squid game was the most popular show that was better than this monstrosity we replaced some of the most good shows for some of the most dumb shows I can't wait until everyone's obsession with this mistake is over I'm starting to think Dafuqboom put a curse in this show and now everyone is under a spell well I didn't fall for it I realize that this show is total garbage but guys if you like it then that's fine this is just my opinion the things I said about you guys being abnormal cuz you like it was just part of me stating my opinion but guys there's nothing wrong with liking it I just don't care for it at all not even a little bit and I don't like that my kids are into it but you guys think it's cool so don't let this comment get to you we all have the right to have different opinions it felt good writing this so I could tell the world what I personally think of it
Noodles Bobatea,1.0,"""I've never wanted to play Russian roulette with a full chamber as much as I did watching this beautiful masterpiece of freaking toilets with heads!!!""
This ""show"" is the literal definition of cringe. Istg If I ever hear another kid shout any words relating to this piece of trash, I'm gonna crash out."
Mitchell Kidd,5.0,This television show is just an absolutely marvelous creation. It is my favourite tv show to watch after a long day of pre-school with my sister Edmund. Thank you very much
PJMismySerendipity Moni,5.0,Greatest show to ever exist after pokemon unfortunately ended I was depressed until I was scrolling on YouTube shorts cuz I got bored and saw episode 10 and instantly fell in love with the show and ever since I was a true fanüòÉüòÉüòÉand don't forget to check it out and if you hate don't lie and thank you for your time.
Amir Dobbins,5.0,"By far the best series I‚Äôve ever watched, you know. I always thought it was cringe, and. It was. Until Skibidi Toilet 48 everything got changed, the quality, the animation. Everything. This is peak content, highly recommend watching it."
Doc Whitty,5.0,"Very good quality best series in a while, quick question bluegray can you add a new race computerman in episode 79 I would love it that a fourth titan would be great. The color of the titans core  would be green and you could make it work with the secret agent for a whole story"
Trendon,5.0,"The latest episodes are fantastic, and especially impressive because it's all made by one person. There's even a compelling story now. It stopped being brainrot long, long ago"
Shahmir Ahmad,1.0,Man skibidi toilet is the WORST! This is so cringe and not funny. I am in 8th grade right now (2023-24 school year) and I heard a 5th grader passing me and screaming ‚ÄúSKIBIDI BOM BOM YES YES‚Äù and I died of cringe also my middle school is grades 5-8. Hopefully this garbage show will be dead in 2024.
Achintya Srivastava,5.0,"The lore and backstory is toooo good! The attention to detail about side characters is perfect! Just not sometimes... That is the only problem. Show more of the lore behind side characters, its a 5 star"
Nate Klan,5.0,"Very very intricate show. Casting is rather exceptional, with its high fantastic realism and many more factors; this show is willing to offset big hits such as Vince Gillian‚Äôs ‚ÄúBreaking Bad‚Äù, and David Benioff‚Äôs ‚ÄúGame of Thrones‚Äù."
Charles Crum,5.0,"Skibidi Toilet is the cutest thing I've ever seen. The curves are so sexy, and his smile is so hot. 10/10 will goon to this again"
Sammy Ruth,5.0,i love edging to skibi even when my parnts fight i gust keep on edging when my dad yells at me for not showering since may i gust edge on him. this GYATT to be the beat story in any other show ive wached its strait from Ohio with the RIZZY story so over all its a 1000000000000000000/10
Easton Marth,5.0,The skidide toilet series is the best series. Nothing can dafauboom! Should be my mother and is better than her but not better than my friend Logan the series has always I will be writing this review for my whole life and it is üëçüèª
Alpha Barrie,5.0,"Gabbidi golited is a baby gronk only in ohio oooh grimace shake sigma tiktok music for men, so GYATTTT skibidi on the ice spice rizzing up the nursing home, skibidi toliet is so sigma beta level fouuur its so blade ball and breaking point skibidi i love the skibidi goiltertrr work of art baby gronk in ohio"
Alec F,5.0,Super duper fun to watch! In a world with nothing but mass destruction. There lies two teams. Toilet team and camera team. There is also speaker team and TV team but they are a part of the camera team. But over all I say 10/10! :) :) :) :) :)
Ivan Ruiz-Aguilar,5.0,everyone in my class loves thisü§ë everyone should watch Skibidi toilet.don't believe people who say it is bad they are just don't touch grass and don't take showers.üó£üî•you should watch Skbidi toilet it will change you life forever
Sonia Jaswal,5.0,So nice. Really funny. Highly recommended. The heads are so funny when they sing . LOVE IT. Plz don't shoe hate. Love from Australia
Reid Muller,5.0,This show is so ADDICTING. I never thought I would be interested in this. This is like better than most Disney movies! Who new that heads in toilets would be my most favorite show!!!
gman toilet,5.0,"Skibidi Toilet is

‚úì Life-changing
‚úì Informative 
‚úì Inspiring 
‚úì Heartwarming 
‚úì Useful 
‚úì Calming 
‚úì Enjoyable 
‚úì Entertaining
‚úì Funny
‚úì Educational
‚úì Other


This is the best series ever created! I recommend this amazing masterpiece to every kid! Brrr skibidi dop dop dop yes yes skibidi dabudu neep neep skibidi dop dop dop yes yes skibidi dabudu neep neep!"
Callum Niven,5.0,"Lifechanging experience, i have ascended to a new level after witnessing this testament to god, this masterpiece should be in the bible, that's how holy it is, i will be contributing the next 20 years of my life to researching this beauty."
Tom Walker,5.0,"It's such a beautiful and well crafted story it's the most beautiful story i have ever seen in fiction, at the exact 5 second mark of episode 42 i shed a tear when it said "" dop dop yes yes """
Oaktopus idk,5.0,"Its actually a good show, the fight scenes are epic, the characters are pretty cool, the plot is interesting, and the fanbase contains actually decent people. My only complaint is that the content farms are really horrid but the creator can't really do much to prevent them."
Nanet Libo-on,5.0,Skibidi toilet is one of the best dafoq?boom! Had made one of the best series in YouTube many people said it's cringe or bad but for me it's pretty good one of the best series I have watch
Aria Barak,5.0,"There has been quite a lot of discussion about ""Skibidi Toilet,"" as art is always controversial at first. Skibidi Toilet is a massively popular and beautiful work of art, pushing the boundaries of modern creative work. I feel obligated to give it a five star review."
Alex Timmins,5.0,"Skibidi Toilet Is A Very Funny and Bad-Donkey Web Series Ever Made, Although Some Episodes Have Something That Kids Shouldn't Look at or Do, I recommend Skibidi toilet and the amazing digital circus too."
Dave Miller,1.0,"If anyone here posts a 5 star, they are either under the age of 5, or are mentally unstable.
Who wants to watch 69 episodes of a toilet with a random dudes head in it yelling ""SKIBITI DOO DOP DOP YES YES SKIBBITI DOBBLEDY YEEP YEEP"". it ain't funny anymore."
Mason Morse,1.0,Anyone over the age of five knows that Skibidi Toilet is not a work of art; rather it is a miserable show that isn't even funny. Skibidi Toilet is all about singing toilet heads. Why would someone want to watch this. Only crusty breast feeding I-pad kids watch Skibidi Toilet.
Megumin The archwizard,5.0,The best show on earth. It has lore. I like how short the videos are and it is not too long.
generalkenobi2010,2.0,"if you have watched this show, your dad has either left or he beats you while drinking a Jack Daniel's. If you let your children watch this, they will become drug addicts, mailny LSD and Cocaine and might put a rope aroun their necks at the age 24. But.............................. episode 77 was kinda peak......"
Aiden Weislogel,5.0,this video let the inner sigma demons inside of me come out. üóøüóø great job DaFuq!?Boom at making an insanely ohio rizzler gyatt series!
Seema Channe,5.0,Best series i have ever seen. And the action the cuirocity that what is going to come in the next episode.And as we have already completed the half century of episodes. Again the besy series.
Exterminatus Button,5.0,"The older generations seem to laugh at Gen Alpha for what they assume to be some corny meme about toilet humor. But if they are willing to see it, they would realize that they're the clowns and that Gen Alpha has been dining on fabulous content like GODS."
Techatat Piyawattanametha,1.0,"Skibidi Toilet, under the guise of contemporaneity, perpetrates a subtle malevolence, engendering an epoch devoid of sagacious reflection and basic manual adeptness. Its surreptitious erosion of foundational virtues portends a dystopian future where the fecundity of the human mind is compromised and the very essence of humanity is supplanted by the perfunctory rituals of a commodified lavatorial experience."
Melinda Lucas,1.0,Just talked to my 14 year old grandson‚Äî His opinion: ‚ÄúThis junk should go in the toilet. It lets kids age 5 find stuff on their mom‚Äôs tablet so their brains can rot.‚Äù  Need we know more?
Jude Ower 2,5.0,"a breath taking explosive story with big suprises as the camraman take on the skibity toleits to save the world!
 must watch show."
Lucie Moore,1.0,All this show is is a whole bunch of scenarios that don't even make sense I let my 10 year old sibling watch all seasons of this show and now she acts like she's brain dead thanks who ever made this absolute piece of dog shit show
Manda Meragal,5.0,This is awesome but I think the new episodes are taking weeks to upload please try to reduce  2 or 3 days. I liked the speakerman dance and the new upgraded titan Cinemaman.
Will Reidy,5.0,It's good and my favorite character must be Titan Speaker man. It's awesome because camera people go to war with toilets.
Armond Hughes,5.0,"The first tine i watched this beautiful elegent tv show was the day i was a changed man thank you so much 


-Rizzard of Oz"
Farah Mansour,5.0,"skibidi toilet cured my depression!!! once it came up on the screen, i got out of my bed for the fikrst time in 8 months to turn it off ü•∞"
Aalok Singh,5.0,It's the best series I've ever seen.... I am a biggest fan of this series and DaFauqboom‚ô•Ô∏è‚ô•Ô∏èüëè‚ú®Ô∏è
Joel Richardson,5.0,"10/10 absolutely inspiring I want to be a skibidi toilet one day, also my head is now stuck in the toilet because I tried to become a skibidi. Pls send help my postcode is N1G G3R and the number is 420 send swat"
Surya Cheema,1.0,"Most Cringest, Weirdest show out there dont watch it. You are gonna get bullied in school if you tell anyone that you watch this show. This is only for kids that are 4."
Fahad P.V,5.0,"The best youtube series I ever seen
First it was very confusing videos then the newest episodes of skibidi toilet realesed and it was a masterpiece"
paul Rajasekar,5.0,"The story narration , minute details are at top notch and lots more . You can enjoy watching skibidi universe."
daddy chill,5.0,I think it is the best animation series ever and makes me feel like I am watching a movie by a famous director
Mason Lombardozzi,5.0,I like how this show started as a joke now it‚Äôs so much more it‚Äôs a really good series keep up the good work!
ashley cline,1.0,"very bad for children, do not watch this and also don‚Äôt let your kids watch it. Its the most atrocious thing ever created and should not exist !! üòõüòõüëçüèª"
ADAM PRESTON,5.0,skibidi dop dop in ohio at 3am challenge (GONE WRONG) adin ross stream kai cenat rizzing up baby gronk i took the the risk in ohio five nights at freddys movie at 3 am gone certified baddie 3am duke dennis rizzing up ice spice NEVER BACK DOWN NEVER WHAT
Jenson Zhang,5.0,"skibidi toilet is not only interesting, but it is entertaining and its storyline is pretty good. it is also really funny"
UTKARSH  Ä·¥Ä·¥ä,5.0,"It is a nice show i want to say that it is  very intresting seeing a fight between toilets and cameraman, speakerman,tvman"
Jake Lee,1.0,"dude honestly, this is bs. toilets running around with a bunch of dudes and they scream like dogs and then transformers killing monkeys and stuff its a cluster of random stuff and is horrible. its all bs"
Archer Duffy,5.0,"10/10 series 



there is a storyline about the cameraman, speaker man, and TV men fighting Skibidi toilets, secrets, and trolls. 1-67 
The Titans have been injured.
are friend speaker man has almost died to the strider toilet
watch it now!"
Harry Pierce,5.0,Absolutely Amazing! 10 OUT OF 10. I love skibidi hehe
Jonathan Loza,5.0,"skibidi toilet is so hot by far my favorite actor to ever roam the earth, waiting for season 2 yipee!!! #igetbeatathome"
Atticus Coffey,5.0,life changing and innovative idea that made me cry on the second episode imo better than breaking bad
Carter Shaver,5.0,Art. The single greatest piece of modern western media ever conceived. Pure perfection.
Kumar Sujith,5.0,This is my favourite series  iam happy of his hard work  good it is very interesting thank you
salim shaikh,5.0,Oh Dude This Series Is Awesome üëå I Daily Watch This Series I Love This Series ü§©ü§©üòòüòòü•∞ü•∞üòçüòç Best Series In The World Best Animation Video ‚ò∫Ô∏è
Owen Ford,1.0,I've never wanted to play Russian roulette with a full chamber as much as I did watching this amazing!!!
Abdul Awwab,5.0,10/5 amazing show reccomend good for anyone Chad's in the series and yt is also in the series
Dk Laney,4.0,"Honestly it's kinda underated it's not that bad of a show people only watch like the first then episodes of it and say ""brainrot"" but its not for kids so children shouldn't be watching it but overall it has deeper lore"
Antonio Almodovar,1.0,"This is awful. It was not entertaining, and it will shorten your attention span. Watch something else, or go outside. Awful ‚Äúshow‚Äù."
Cameron Vanbibber,5.0,"Skibidi toilet is awesome, all the haters should notice how much time it takes to animate this, 7 days for a 2 minute animation, isn't that crazy."
Angelomario Kristanto,5.0,"It is amazing and the storyline is so cool and don‚Äôt even tell me about the animations, it is so realistic"
Aaron Castillo,5.0,"The series is actually really good, the only reason people hate it is because their ignorance refuses to give it a try, please just watch it and I can assure your time will be worth watching this series made by dafuqboom."
Christopher Kamp,5.0,"Now this show is so astonishing!, MY TOP 3 AT LEAST, 10/10 do recommend for 5 year olds:)))))"
Karthika kathir,5.0,This is the most amazing animated show of all time credits to da fuq boom
Danny Jagrup,5.0,Skibidi toilet is cool and all. It's super good but takes a while for the storyline to show.
Mohammad Abraruzzaman,1.0,Thy have the sheer delight that has come between the toes of the sigma skibidi toilet fnaf lore
Iker Esteban,5.0,This gem is one of the best series there is and will continue to be so
Aryan Sharma,5.0,It is very intersecting show. I am very happy to saw this because it is very funny
Jasmin Lasquete,5.0,I love this series so much. Thanks to the creator
Gabriel Crigger,1.0,"I Hate This ""Show"" This is the literal definition of brain rot. Stop watching this, go outside, touch grass, and watch a real show."
sagar jadhav,5.0,This is weird but joyful this show has fun storyline is Best and character are cool
Hdh Hshsu,1.0,"I hate this show, gave me nightmares for weeks and really just wasnt the same after it.
Slow storyline and bad scripting"
Jakub Surmaczynski,1.0,"It's so horrible, my friend suffers from skibidi syndrome, he tried to fit inside of his toilet, he cut contact with his family, and says his pro nouns are skibidi/toilet"
JACOB GLASSBURN,5.0,5Stars hot gurl summer in ohio 3am challange gone wrong in ohio kia cenat when to ohio to take the risk joe byron skipidi dobdob travis scot never  back down never go in ohio.
R&R Studios,5.0,"Welcome to the world of Skibati toilet, 

A true masterpiece that WILL make you feel reborn."
Yeshan Samarasinghe,1.0,"At my school everyone sings it and it is cringe and stupid
People in 1920: ""In 100 years we will have flying cars!""
People now ""skidodi totolot"""""""""
Trey Smith,5.0,I LOVE SKIBIBIDI TOILET <3 I LOVE SKIBIBDI TOILET SO MUCH <3333
Alaric Brown,1.0,"this thing is so bad, its literally just valve assets in toilets and various sound / recording devices fighting them. who legitimately finds this entertaining????"
Chaz ISISISISIS,5.0,Too good to give up and has an unbelievable amount of views on youtube
Jase Smith,1.0,"Just awfull 
Extremely brain rot 
Addictive to kids 
IPad kids don't touch grass
And overall it is the worst thing to happen to humanity 
1 star"
Chandra Sing Kro,5.0,If you love sci-fi stuff than ridiculous has the series name sounds it won't disappoint
Pratiksha Nillawar,5.0,Very beautiful series  and very funny  my favourite characters are g man titan camera man titan TV man and titan speaker man
Sudha Dasi,1.0,"I hated this show, terrible series üò§.
Not appropriate for kids and everyone knows they put 69 episodes on purpose"
declan coffin,5.0,"oh my glorious skibidi toilet, i love you i edge to you and ur my father. will u marty me üëâüëàüì∑üì∑üì∑üì∑üì∑"
Parker Cortez,1.0,"Skibidi Toilet saved my marriage thank you SKIBIDI!!!   :)

(I know where you live)  :)"
mrs sawmi,5.0,"Perfect, And everyone give a shot and you will fall in love with it"
Jc Gutierrez,3.0,What the #### is this? Is just toilets and heads. I mean is popular and is kinda good but why would make a YT series about toilets?
Angel Refugio Martinez,1.0,I don't get how people can sit down and watch this every time I look at it 5 of my brain cells die. >:(
Ezra Fleming,5.0,Changed my life nothing was going good for me before I found skibidi toilet best thing ever
Aayush Shukla,5.0,Finally after s long time that dafuqboom had  started this meme and it becomes a series
Rehan Kilaniya,5.0,Amazing... Absolutely fabulous loves it outstanding
Hadd Jashs,4.0,it's a pretty good show and high quality but the only thing pulling it away from a 5 star is the head in a toliet it's very cursed and I don't like looking at the toliets overall it's pretty good
Lucas Kenny,5.0,This is the best thing I've ever watched in my entire life
Liam Distefano,5.0,I LOVE SKIBIDI IT MAKES THIRSTY TO DRINK OUT OF MY OWN TOILETüíã
Gunner LaMacchia-Meeks,5.0,"2nd best series ever trust I need more words so I stall a bit now uhhh uh skibidi toilet, uh monkey, flthey monkey you can't even use jujutsu-suguru geto"
Kaiser Loh,1.0,"Not enough Skibidy Gyatts. I loved the tv gyatts from og fortnite with the w rizzing sigmas, but not enough"
Rafael,1.0,This skibidi toilet is EVERYWHERE LIKE I OPEN MY LAPTOP AND THERES A SKIBIDI TOILET I PLAY A GAME AND THERES A SKIBIDI TOILET AVATAR ITS EVERYWHERE I CANT TAKE IT
Mubarak Amuda,1.0,"If anyone here posts a 5 star, they are either under the age of 10, was being sarcastic or are mentally unstable."
Themonia,5.0,I LOVE SKIBIDI TOILET!!!!!!! This show has chNged my life!!!!
Dos Adventures,5.0,I love this series. This is pure art.
SubhashSingh Rana,5.0,What a excellent  üëè üëå  show I am exited üòÄ what will happen
ilyas asmouni,5.0,The best series I ever seen the new episode was amazing 10/10 ü§©ü§©
Valeria De Alba,5.0,skibi toylet poooopy in dookie as in green day albulm real not clickbait... skibi tolet soooo hot cuet...........
Jason,5.0,I fucking love Skibidi toilet it is so amazing free brain damage
Carl Josef Maico,1.0,"I have and always will hate this show like this changed how I view people and even the younger generation and I hope this ""kids entertainment"" gets cancelled."
sean asphalt,1.0,this show gives your children so much fucking brain damage! i would give it 0 stars if i could!!!!!!
